,Id_respuesta,Id_empleado_nom35,Id_res_nom35,respuesta,date,Indice
1047,1048,27,1,2,2019-07-08,40
1048,1049,27,2,2,2019-07-08,41
1049,1050,27,3,2,2019-07-08,42
1050,1051,27,4,2,2019-07-08,43
1051,1052,27,5,2,2019-07-08,44
1052,1053,27,6,2,2019-07-08,45
1053,1054,27,7,2,2019-07-08,46
1054,1055,27,8,2,2019-07-08,47
1055,1056,27,9,2,2019-07-08,48
1056,1057,27,10,2,2019-07-08,49
1057,1058,27,11,2,2019-07-08,50
1058,1059,27,12,2,2019-07-08,51
1059,1060,27,13,2,2019-07-08,52
1060,1061,27,14,2,2019-07-08,53
1061,1062,27,15,2,2019-07-08,54
1062,1063,27,16,2,2019-07-08,55
1063,1064,27,17,2,2019-07-08,56
1064,1065,27,18,2,2019-07-08,57
1065,1066,27,19,2,2019-07-08,58
1066,1067,27,20,2,2019-07-08,59
1067,1068,27,21,2,2019-07-08,60
1068,1069,27,22,2,2019-07-08,61
1069,1070,27,23,2,2019-07-08,62
1070,1071,27,24,2,2019-07-08,63
1071,1072,27,25,2,2019-07-08,64
1072,1073,27,26,2,2019-07-08,65
1073,1074,27,27,2,2019-07-08,66
1074,1075,27,28,2,2019-07-08,67
1075,1076,27,29,2,2019-07-08,68
1076,1077,27,30,2,2019-07-08,69
1077,1078,27,31,2,2019-07-08,70
1078,1079,27,32,2,2019-07-08,71
1079,1080,27,33,2,2019-07-08,72
1080,1081,27,34,2,2019-07-08,73
1081,1082,27,35,2,2019-07-08,74
1082,1083,27,36,2,2019-07-08,75
1083,1084,27,37,2,2019-07-08,76
1084,1085,27,38,2,2019-07-08,77
1085,1086,27,39,2,2019-07-08,78
1086,1087,27,40,2,2019-07-08,79
1087,1088,27,41,2,2019-07-08,80
1088,1089,27,42,2,2019-07-08,81
1089,1090,27,43,2,2019-07-08,82
1090,1091,27,44,2,2019-07-08,83
1091,1092,27,45,2,2019-07-08,84
1092,1093,27,46,2,2019-07-08,85
1093,1094,29,1,1,2019-07-09,86
1094,1095,29,2,1,2019-07-09,87
1095,1096,29,3,1,2019-07-09,88
1096,1097,29,4,3,2019-07-09,89
1097,1098,29,5,1,2019-07-09,90
1098,1099,29,6,2,2019-07-09,91
1099,1100,29,7,2,2019-07-09,92
1100,1101,29,8,1,2019-07-09,93
1101,1102,29,9,3,2019-07-09,94
1102,1103,29,10,3,2019-07-09,95
1103,1104,29,11,2,2019-07-09,96
1104,1105,29,12,3,2019-07-09,97
1105,1106,29,13,2,2019-07-09,98
1106,1107,29,14,2,2019-07-09,99
1107,1108,29,15,1,2019-07-09,100
1108,1109,29,16,1,2019-07-09,101
1109,1110,29,17,1,2019-07-09,102
1110,1111,29,18,0,2019-07-09,103
1111,1112,29,19,1,2019-07-09,104
1112,1113,29,20,1,2019-07-09,105
1113,1114,29,21,0,2019-07-09,106
1114,1115,29,22,1,2019-07-09,107
1115,1116,29,23,1,2019-07-09,108
1116,1117,29,24,2,2019-07-09,109
1117,1118,29,25,1,2019-07-09,110
1118,1119,29,26,1,2019-07-09,111
1119,1120,29,27,3,2019-07-09,112
1120,1121,29,28,1,2019-07-09,113
1121,1122,29,29,1,2019-07-09,114
1122,1123,29,30,1,2019-07-09,115
1123,1124,29,31,1,2019-07-09,116
1124,1125,29,32,1,2019-07-09,117
1125,1126,29,33,1,2019-07-09,118
1126,1127,29,34,0,2019-07-09,119
1127,1128,29,35,0,2019-07-09,120
1128,1129,29,36,0,2019-07-09,121
1129,1130,29,37,0,2019-07-09,122
1130,1131,29,38,0,2019-07-09,123
1131,1132,29,39,0,2019-07-09,124
1132,1133,29,40,0,2019-07-09,125
1133,1134,29,44,2,2019-07-09,126
1134,1135,29,45,1,2019-07-09,127
1135,1136,29,46,3,2019-07-09,128
1136,1137,30,1,2,2019-07-09,129
1137,1138,30,2,2,2019-07-09,130
1138,1139,30,3,2,2019-07-09,131
1139,1140,30,4,2,2019-07-09,132
1140,1141,30,5,2,2019-07-09,133
1141,1142,30,6,2,2019-07-09,134
1142,1143,30,7,2,2019-07-09,135
1143,1144,30,8,2,2019-07-09,136
1144,1145,30,9,2,2019-07-09,137
1145,1146,30,10,2,2019-07-09,138
1146,1147,30,11,2,2019-07-09,139
1147,1148,30,12,2,2019-07-09,140
1148,1149,30,13,2,2019-07-09,141
1149,1150,30,14,2,2019-07-09,142
1150,1151,30,15,2,2019-07-09,143
1151,1152,30,16,2,2019-07-09,144
1152,1153,30,17,2,2019-07-09,145
1153,1154,30,18,2,2019-07-09,146
1154,1155,30,19,2,2019-07-09,147
1155,1156,30,20,2,2019-07-09,148
1156,1157,30,21,2,2019-07-09,149
1157,1158,30,22,2,2019-07-09,150
1158,1159,30,23,2,2019-07-09,151
1159,1160,30,24,2,2019-07-09,152
1160,1161,30,25,2,2019-07-09,153
1161,1162,30,26,2,2019-07-09,154
1162,1163,30,27,2,2019-07-09,155
1163,1164,30,28,2,2019-07-09,156
1164,1165,30,29,2,2019-07-09,157
1165,1166,30,30,2,2019-07-09,158
1166,1167,30,31,2,2019-07-09,159
1167,1168,30,32,2,2019-07-09,160
1168,1169,30,33,2,2019-07-09,161
1169,1170,30,34,2,2019-07-09,162
1170,1171,30,35,2,2019-07-09,163
1171,1172,30,36,2,2019-07-09,164
1172,1173,30,37,2,2019-07-09,165
1173,1174,30,38,2,2019-07-09,166
1174,1175,30,39,2,2019-07-09,167
1175,1176,30,40,2,2019-07-09,168
1176,1177,30,41,2,2019-07-09,169
1177,1178,30,42,2,2019-07-09,170
1178,1179,30,43,2,2019-07-09,171
1179,1180,30,44,2,2019-07-09,172
1180,1181,30,45,2,2019-07-09,173
1181,1182,30,46,2,2019-07-09,174
1182,1183,31,1,2,2019-07-09,175
1183,1184,31,2,0,2019-07-09,176
1184,1185,31,3,1,2019-07-09,177
1185,1186,31,4,3,2019-07-09,178
1186,1187,31,5,1,2019-07-09,179
1187,1188,31,6,2,2019-07-09,180
1188,1189,31,7,3,2019-07-09,181
1189,1190,31,8,2,2019-07-09,182
1190,1191,31,9,2,2019-07-09,183
1191,1192,31,10,2,2019-07-09,184
1192,1193,31,11,2,2019-07-09,185
1193,1194,31,12,2,2019-07-09,186
1194,1195,31,13,1,2019-07-09,187
1195,1196,31,14,3,2019-07-09,188
1196,1197,31,15,3,2019-07-09,189
1197,1198,31,16,3,2019-07-09,190
1198,1199,31,17,2,2019-07-09,191
1199,1200,31,18,0,2019-07-09,192
1200,1201,31,19,1,2019-07-09,193
1201,1202,31,20,0,2019-07-09,194
1202,1203,31,21,0,2019-07-09,195
1203,1204,31,22,0,2019-07-09,196
1204,1205,31,23,1,2019-07-09,197
1205,1206,31,24,2,2019-07-09,198
1206,1207,31,25,0,2019-07-09,199
1207,1208,31,26,0,2019-07-09,200
1208,1209,31,27,0,2019-07-09,201
1209,1210,31,28,0,2019-07-09,202
1210,1211,31,29,0,2019-07-09,203
1211,1212,31,30,0,2019-07-09,204
1212,1213,31,31,0,2019-07-09,205
1213,1214,31,32,0,2019-07-09,206
1214,1215,31,33,0,2019-07-09,207
1215,1216,31,34,0,2019-07-09,208
1216,1217,31,35,0,2019-07-09,209
1217,1218,31,36,1,2019-07-09,210
1218,1219,31,37,0,2019-07-09,211
1219,1220,31,38,0,2019-07-09,212
1220,1221,31,39,0,2019-07-09,213
1221,1222,31,40,0,2019-07-09,214
1222,1223,31,41,1,2019-07-09,215
1223,1224,31,42,0,2019-07-09,216
1224,1225,31,43,0,2019-07-09,217
1225,1736,44,1,4,2019-07-12,218
1226,1737,44,2,4,2019-07-12,219
1227,1738,44,3,4,2019-07-12,220
1228,1739,44,4,4,2019-07-12,221
1229,1740,44,5,4,2019-07-12,222
1230,1741,44,6,4,2019-07-12,223
1231,1742,44,7,4,2019-07-12,224
1232,1743,44,8,4,2019-07-12,225
1233,1744,44,9,4,2019-07-12,226
1234,1745,44,10,4,2019-07-12,227
1235,1746,44,11,4,2019-07-12,228
1236,1747,44,12,4,2019-07-12,229
1237,1748,44,13,4,2019-07-12,230
1238,1749,44,14,4,2019-07-12,231
1239,1750,44,15,4,2019-07-12,232
1240,1751,44,16,4,2019-07-12,233
1241,1752,44,17,4,2019-07-12,234
1242,1753,44,18,0,2019-07-12,235
1243,1754,44,19,0,2019-07-12,236
1244,1755,44,20,0,2019-07-12,237
1245,1756,44,21,0,2019-07-12,238
1246,1757,44,22,0,2019-07-12,239
1247,1758,44,23,0,2019-07-12,240
1248,1759,44,24,0,2019-07-12,241
1249,1760,44,25,0,2019-07-12,242
1250,1761,44,26,0,2019-07-12,243
1251,1762,44,27,0,2019-07-12,244
1252,1763,44,28,3,2019-07-12,245
1253,1764,44,29,3,2019-07-12,246
1254,1765,44,30,3,2019-07-12,247
1255,1766,44,31,3,2019-07-12,248
1256,1767,44,32,3,2019-07-12,249
1257,1768,44,33,3,2019-07-12,250
1258,1769,44,34,1,2019-07-12,251
1259,1770,44,35,1,2019-07-12,252
1260,1771,44,36,1,2019-07-12,253
1261,1772,44,37,1,2019-07-12,254
1262,1773,44,38,1,2019-07-12,255
1263,1774,44,39,1,2019-07-12,256
1264,1775,44,40,1,2019-07-12,257
1265,1776,44,41,1,2019-07-12,258
1266,1777,44,42,1,2019-07-12,259
1267,1778,44,43,2,2019-07-12,260
1268,1779,44,44,2,2019-07-12,261
1269,1780,44,45,2,2019-07-12,262
1270,1781,44,46,2,2019-07-12,263
1271,2132,54,1,2,2019-07-17,264
1272,2133,54,2,0,2019-07-17,265
1273,2134,54,3,0,2019-07-17,266
1274,2135,54,4,2,2019-07-17,267
1275,2136,54,5,2,2019-07-17,268
1276,2137,54,6,0,2019-07-17,269
1277,2138,54,7,2,2019-07-17,270
1278,2139,54,8,2,2019-07-17,271
1279,2140,54,9,2,2019-07-17,272
1280,2141,54,10,4,2019-07-17,273
1281,2142,54,11,4,2019-07-17,274
1282,2143,54,12,1,2019-07-17,275
1283,2144,54,13,0,2019-07-17,276
1284,2145,54,14,2,2019-07-17,277
1285,2146,54,15,0,2019-07-17,278
1286,2147,54,16,1,2019-07-17,279
1287,2148,54,17,0,2019-07-17,280
1288,2149,54,18,2,2019-07-17,281
1289,2150,54,19,4,2019-07-17,282
1290,2151,54,20,1,2019-07-17,283
1291,2152,54,21,2,2019-07-17,284
1292,2153,54,22,0,2019-07-17,285
1293,2154,54,23,2,2019-07-17,286
1294,2155,54,24,0,2019-07-17,287
1295,2156,54,25,0,2019-07-17,288
1296,2157,54,26,4,2019-07-17,289
1297,2158,54,27,4,2019-07-17,290
1298,2159,54,28,0,2019-07-17,291
1299,2160,54,29,0,2019-07-17,292
1300,2161,54,30,0,2019-07-17,293
1301,2162,54,31,0,2019-07-17,294
1302,2163,54,32,0,2019-07-17,295
1303,2164,54,33,0,2019-07-17,296
1304,2165,54,34,0,2019-07-17,297
1305,2166,54,35,0,2019-07-17,298
1306,2167,54,36,0,2019-07-17,299
1307,2168,54,37,0,2019-07-17,300
1308,2169,54,38,0,2019-07-17,301
1309,2170,54,39,0,2019-07-17,302
1310,2171,54,40,0,2019-07-17,303
1311,2172,55,1,2,2019-07-17,304
1312,2173,55,2,2,2019-07-17,305
1313,2174,55,3,2,2019-07-17,306
1314,2175,55,4,2,2019-07-17,307
1315,2176,55,5,2,2019-07-17,308
1316,2177,55,6,2,2019-07-17,309
1317,2178,55,7,2,2019-07-17,310
1318,2179,55,8,2,2019-07-17,311
1319,2180,55,9,2,2019-07-17,312
1320,2181,55,10,2,2019-07-17,313
1321,2182,55,11,2,2019-07-17,314
1322,2183,55,12,2,2019-07-17,315
1323,2184,55,13,2,2019-07-17,316
1324,2185,55,14,2,2019-07-17,317
1325,2186,55,15,2,2019-07-17,318
1326,2187,55,16,2,2019-07-17,319
1327,2188,55,17,2,2019-07-17,320
1328,2189,55,18,2,2019-07-17,321
1329,2190,55,19,2,2019-07-17,322
1330,2191,55,20,2,2019-07-17,323
1331,2192,55,21,2,2019-07-17,324
1332,2193,55,22,2,2019-07-17,325
1333,2194,55,23,2,2019-07-17,326
1334,2195,55,24,2,2019-07-17,327
1335,2196,55,25,2,2019-07-17,328
1336,2197,55,26,2,2019-07-17,329
1337,2198,55,27,2,2019-07-17,330
1338,2199,55,28,2,2019-07-17,331
1339,2200,55,29,2,2019-07-17,332
1340,2201,55,30,2,2019-07-17,333
1341,2202,55,31,2,2019-07-17,334
1342,2203,55,32,2,2019-07-17,335
1343,2204,55,33,2,2019-07-17,336
1344,2205,55,34,2,2019-07-17,337
1345,2206,55,35,2,2019-07-17,338
1346,2207,55,36,2,2019-07-17,339
1347,2208,55,37,2,2019-07-17,340
1348,2209,55,38,2,2019-07-17,341
1349,2210,55,39,2,2019-07-17,342
1350,2211,55,40,2,2019-07-17,343
1351,2212,55,41,2,2019-07-17,344
1352,2213,55,42,2,2019-07-17,345
1353,2214,55,43,2,2019-07-17,346
1354,2215,55,44,2,2019-07-17,347
1355,2216,55,45,2,2019-07-17,348
1356,2217,55,46,2,2019-07-17,349
1357,2218,58,93,2,2019-07-18,350
1358,2219,58,94,2,2019-07-18,351
1359,2220,58,95,2,2019-07-18,352
1360,2221,58,96,2,2019-07-18,353
1361,2222,58,97,2,2019-07-18,354
1362,2223,58,98,2,2019-07-18,355
1363,2224,58,99,2,2019-07-18,356
1364,2225,58,100,2,2019-07-18,357
1365,2226,58,101,2,2019-07-18,358
1366,2227,58,102,2,2019-07-18,359
1367,2228,58,103,2,2019-07-18,360
1368,2229,58,104,2,2019-07-18,361
1369,2230,58,105,2,2019-07-18,362
1370,2231,58,106,2,2019-07-18,363
1371,2232,58,107,2,2019-07-18,364
1372,2233,58,108,2,2019-07-18,365
1373,2234,58,109,2,2019-07-18,366
1374,2235,58,110,2,2019-07-18,367
1375,2236,58,111,2,2019-07-18,368
1376,2237,58,112,2,2019-07-18,369
1377,2238,58,113,2,2019-07-18,370
1378,2239,58,114,2,2019-07-18,371
1379,2240,58,115,2,2019-07-18,372
1380,2241,58,116,2,2019-07-18,373
1381,2242,58,117,2,2019-07-18,374
1382,2243,58,118,2,2019-07-18,375
1383,2244,58,119,2,2019-07-18,376
1384,2245,58,120,2,2019-07-18,377
1385,2246,58,121,2,2019-07-18,378
1386,2247,58,122,2,2019-07-18,379
1387,2248,58,123,2,2019-07-18,380
1388,2249,58,124,2,2019-07-18,381
1389,2250,58,125,2,2019-07-18,382
1390,2251,58,126,2,2019-07-18,383
1391,2252,58,127,2,2019-07-18,384
1392,2253,58,128,2,2019-07-18,385
1393,2254,58,129,2,2019-07-18,386
1394,2255,58,130,2,2019-07-18,387
1395,2256,58,131,2,2019-07-18,388
1396,2257,58,132,2,2019-07-18,389
1397,2258,58,133,2,2019-07-18,390
1398,2259,58,134,2,2019-07-18,391
1399,2260,58,135,2,2019-07-18,392
1400,2261,58,136,2,2019-07-18,393
1401,2262,58,137,2,2019-07-18,394
1402,2263,58,138,2,2019-07-18,395
1403,2264,58,139,2,2019-07-18,396
1404,2265,58,140,2,2019-07-18,397
1405,2266,58,141,2,2019-07-18,398
1406,2267,58,142,2,2019-07-18,399
1407,2268,58,143,2,2019-07-18,400
1408,2269,58,144,2,2019-07-18,401
1409,2270,58,145,2,2019-07-18,402
1410,2271,58,146,2,2019-07-18,403
1411,2272,58,147,2,2019-07-18,404
1412,2273,58,148,2,2019-07-18,405
1413,2274,58,149,2,2019-07-18,406
1414,2275,58,150,2,2019-07-18,407
1415,2276,58,151,2,2019-07-18,408
1416,2277,58,152,2,2019-07-18,409
1417,2278,58,153,2,2019-07-18,410
1418,2279,58,154,2,2019-07-18,411
1419,2280,58,155,2,2019-07-18,412
1420,2281,58,156,2,2019-07-18,413
1421,2282,58,157,2,2019-07-18,414
1422,2283,58,158,2,2019-07-18,415
1423,2284,58,159,2,2019-07-18,416
1424,2285,58,160,2,2019-07-18,417
1425,2286,58,161,2,2019-07-18,418
1426,2287,58,162,2,2019-07-18,419
1427,2288,58,163,2,2019-07-18,420
1428,2289,58,164,2,2019-07-18,421
1429,2290,59,1,0,2019-07-19,422
1430,2291,59,2,0,2019-07-19,423
1431,2292,59,3,0,2019-07-19,424
1432,2293,59,4,2,2019-07-19,425
1433,2294,59,5,1,2019-07-19,426
1434,2295,59,6,2,2019-07-19,427
1435,2296,59,7,4,2019-07-19,428
1436,2297,59,8,2,2019-07-19,429
1437,2298,59,9,2,2019-07-19,430
1438,2299,59,10,4,2019-07-19,431
1439,2300,59,11,4,2019-07-19,432
1440,2301,59,12,1,2019-07-19,433
1441,2302,59,13,0,2019-07-19,434
1442,2303,59,14,4,2019-07-19,435
1443,2304,59,15,1,2019-07-19,436
1444,2305,59,16,2,2019-07-19,437
1445,2306,59,17,2,2019-07-19,438
1446,2307,59,18,0,2019-07-19,439
1447,2308,59,19,0,2019-07-19,440
1448,2309,59,20,2,2019-07-19,441
1449,2310,59,21,1,2019-07-19,442
1450,2311,59,22,0,2019-07-19,443
1451,2312,59,23,0,2019-07-19,444
1452,2313,59,24,1,2019-07-19,445
1453,2314,59,25,2,2019-07-19,446
1454,2315,59,26,1,2019-07-19,447
1455,2316,59,27,2,2019-07-19,448
1456,2317,59,28,0,2019-07-19,449
1457,2318,59,29,0,2019-07-19,450
1458,2319,59,30,1,2019-07-19,451
1459,2320,59,31,1,2019-07-19,452
1460,2321,59,32,1,2019-07-19,453
1461,2322,59,33,0,2019-07-19,454
1462,2323,59,34,2,2019-07-19,455
1463,2324,59,35,1,2019-07-19,456
1464,2325,59,36,0,2019-07-19,457
1465,2326,59,37,0,2019-07-19,458
1466,2327,59,38,2,2019-07-19,459
1467,2328,59,39,1,2019-07-19,460
1468,2329,59,40,0,2019-07-19,461
1469,2330,59,41,2,2019-07-19,462
1470,2331,59,42,1,2019-07-19,463
1471,2332,59,43,0,2019-07-19,464
1472,2333,59,44,2,2019-07-19,465
1473,2334,59,45,0,2019-07-19,466
1474,2335,59,46,0,2019-07-19,467
1475,2336,60,1,1,2019-07-19,468
1476,2337,60,2,1,2019-07-19,469
1477,2338,60,3,0,2019-07-19,470
1478,2339,60,4,3,2019-07-19,471
1479,2340,60,5,2,2019-07-19,472
1480,2341,60,6,3,2019-07-19,473
1481,2342,60,7,3,2019-07-19,474
1482,2343,60,8,2,2019-07-19,475
1483,2344,60,9,4,2019-07-19,476
1484,2345,60,10,4,2019-07-19,477
1485,2346,60,11,4,2019-07-19,478
1486,2347,60,12,3,2019-07-19,479
1487,2348,60,13,2,2019-07-19,480
1488,2349,60,14,3,2019-07-19,481
1489,2350,60,15,2,2019-07-19,482
1490,2351,60,16,2,2019-07-19,483
1491,2352,60,17,2,2019-07-19,484
1492,2353,60,18,2,2019-07-19,485
1493,2354,60,19,1,2019-07-19,486
1494,2355,60,20,2,2019-07-19,487
1495,2356,60,21,2,2019-07-19,488
1496,2357,60,22,1,2019-07-19,489
1497,2358,60,23,2,2019-07-19,490
1498,2359,60,24,2,2019-07-19,491
1499,2360,60,25,1,2019-07-19,492
1500,2361,60,26,2,2019-07-19,493
1501,2362,60,27,3,2019-07-19,494
1502,2363,60,28,1,2019-07-19,495
1503,2364,60,29,1,2019-07-19,496
1504,2365,60,30,1,2019-07-19,497
1505,2366,60,31,1,2019-07-19,498
1506,2367,60,32,1,2019-07-19,499
1507,2368,60,33,1,2019-07-19,500
1508,2369,60,34,2,2019-07-19,501
1509,2370,60,35,2,2019-07-19,502
1510,2371,60,36,1,2019-07-19,503
1511,2372,60,37,0,2019-07-19,504
1512,2373,60,38,1,2019-07-19,505
1513,2374,60,39,0,2019-07-19,506
1514,2375,60,40,1,2019-07-19,507
1515,2376,60,41,2,2019-07-19,508
1516,2377,60,42,0,2019-07-19,509
1517,2378,60,43,2,2019-07-19,510
1518,2379,60,44,1,2019-07-19,511
1519,2380,60,45,1,2019-07-19,512
1520,2381,60,46,1,2019-07-19,513
1521,2382,61,1,1,2019-07-19,514
1522,2383,61,2,1,2019-07-19,515
1523,2384,61,3,1,2019-07-19,516
1524,2385,61,4,2,2019-07-19,517
1525,2386,61,5,1,2019-07-19,518
1526,2387,61,6,2,2019-07-19,519
1527,2388,61,7,3,2019-07-19,520
1528,2389,61,8,2,2019-07-19,521
1529,2390,61,9,2,2019-07-19,522
1530,2391,61,10,1,2019-07-19,523
1531,2392,61,11,2,2019-07-19,524
1532,2393,61,12,1,2019-07-19,525
1533,2394,61,13,0,2019-07-19,526
1534,2395,61,14,2,2019-07-19,527
1535,2396,61,15,2,2019-07-19,528
1536,2397,61,16,2,2019-07-19,529
1537,2398,61,17,1,2019-07-19,530
1538,2399,61,18,1,2019-07-19,531
1539,2400,61,19,2,2019-07-19,532
1540,2401,61,20,1,2019-07-19,533
1541,2402,61,21,1,2019-07-19,534
1542,2403,61,22,1,2019-07-19,535
1543,2404,61,23,1,2019-07-19,536
1544,2405,61,24,1,2019-07-19,537
1545,2406,61,25,0,2019-07-19,538
1546,2407,61,26,1,2019-07-19,539
1547,2408,61,27,1,2019-07-19,540
1548,2409,61,28,0,2019-07-19,541
1549,2410,61,29,0,2019-07-19,542
1550,2411,61,30,1,2019-07-19,543
1551,2412,61,31,1,2019-07-19,544
1552,2413,61,32,2,2019-07-19,545
1553,2414,61,33,1,2019-07-19,546
1554,2415,61,34,1,2019-07-19,547
1555,2416,61,35,0,2019-07-19,548
1556,2417,61,36,0,2019-07-19,549
1557,2418,61,37,0,2019-07-19,550
1558,2419,61,38,0,2019-07-19,551
1559,2420,61,39,0,2019-07-19,552
1560,2421,61,40,1,2019-07-19,553
1561,2422,61,41,2,2019-07-19,554
1562,2423,61,42,2,2019-07-19,555
1563,2424,61,43,1,2019-07-19,556
1564,2425,61,44,1,2019-07-19,557
1565,2426,61,45,1,2019-07-19,558
1566,2427,61,46,1,2019-07-19,559
1567,2428,62,1,0,2019-07-19,560
1568,2429,62,2,2,2019-07-19,561
1569,2430,62,3,1,2019-07-19,562
1570,2431,62,4,4,2019-07-19,563
1571,2432,62,5,4,2019-07-19,564
1572,2433,62,6,4,2019-07-19,565
1573,2434,62,7,3,2019-07-19,566
1574,2435,62,8,4,2019-07-19,567
1575,2436,62,9,4,2019-07-19,568
1576,2437,62,10,3,2019-07-19,569
1577,2438,62,11,4,2019-07-19,570
1578,2439,62,12,3,2019-07-19,571
1579,2440,62,13,3,2019-07-19,572
1580,2441,62,14,4,2019-07-19,573
1581,2442,62,15,1,2019-07-19,574
1582,2443,62,16,2,2019-07-19,575
1583,2444,62,17,1,2019-07-19,576
1584,2445,62,18,0,2019-07-19,577
1585,2446,62,19,1,2019-07-19,578
1586,2447,62,20,3,2019-07-19,579
1587,2448,62,21,3,2019-07-19,580
1588,2449,62,22,0,2019-07-19,581
1589,2450,62,23,2,2019-07-19,582
1590,2451,62,24,0,2019-07-19,583
1591,2452,62,25,2,2019-07-19,584
1592,2453,62,26,2,2019-07-19,585
1593,2454,62,27,3,2019-07-19,586
1594,2455,62,28,2,2019-07-19,587
1595,2456,62,29,1,2019-07-19,588
1596,2457,62,30,2,2019-07-19,589
1597,2458,62,31,2,2019-07-19,590
1598,2459,62,32,3,2019-07-19,591
1599,2460,62,33,2,2019-07-19,592
1600,2461,62,34,2,2019-07-19,593
1601,2462,62,35,1,2019-07-19,594
1602,2463,62,36,2,2019-07-19,595
1603,2464,62,37,1,2019-07-19,596
1604,2465,62,38,2,2019-07-19,597
1605,2466,62,39,2,2019-07-19,598
1606,2467,62,40,1,2019-07-19,599
1607,2468,62,41,1,2019-07-19,600
1608,2469,62,42,1,2019-07-19,601
1609,2470,62,43,2,2019-07-19,602
1610,2471,62,44,1,2019-07-19,603
1611,2472,62,45,1,2019-07-19,604
1612,2473,62,46,1,2019-07-19,605
1613,2474,63,1,1,2019-07-19,606
1614,2475,63,2,0,2019-07-19,607
1615,2476,63,3,0,2019-07-19,608
1616,2477,63,4,1,2019-07-19,609
1617,2478,63,5,2,2019-07-19,610
1618,2479,63,6,1,2019-07-19,611
1619,2480,63,7,3,2019-07-19,612
1620,2481,63,8,3,2019-07-19,613
1621,2482,63,9,3,2019-07-19,614
1622,2483,63,10,1,2019-07-19,615
1623,2484,63,11,1,2019-07-19,616
1624,2485,63,12,0,2019-07-19,617
1625,2486,63,13,0,2019-07-19,618
1626,2487,63,14,0,2019-07-19,619
1627,2488,63,15,1,2019-07-19,620
1628,2489,63,16,0,2019-07-19,621
1629,2490,63,17,0,2019-07-19,622
1630,2491,63,18,1,2019-07-19,623
1631,2492,63,19,0,2019-07-19,624
1632,2493,63,20,3,2019-07-19,625
1633,2494,63,21,0,2019-07-19,626
1634,2495,63,22,0,2019-07-19,627
1635,2496,63,23,0,2019-07-19,628
1636,2497,63,24,0,2019-07-19,629
1637,2498,63,25,0,2019-07-19,630
1638,2499,63,26,0,2019-07-19,631
1639,2500,63,27,0,2019-07-19,632
1640,2501,63,28,1,2019-07-19,633
1641,2502,63,29,0,2019-07-19,634
1642,2503,63,30,1,2019-07-19,635
1643,2504,63,31,1,2019-07-19,636
1644,2505,63,32,0,2019-07-19,637
1645,2506,63,33,0,2019-07-19,638
1646,2507,63,34,1,2019-07-19,639
1647,2508,63,35,0,2019-07-19,640
1648,2509,63,36,0,2019-07-19,641
1649,2510,63,37,0,2019-07-19,642
1650,2511,63,38,0,2019-07-19,643
1651,2512,63,39,0,2019-07-19,644
1652,2513,63,40,0,2019-07-19,645
1653,2514,63,41,3,2019-07-19,646
1654,2515,63,42,3,2019-07-19,647
1655,2516,63,43,0,2019-07-19,648
1656,2517,64,1,1,2019-07-19,649
1657,2518,64,2,1,2019-07-19,650
1658,2519,64,3,0,2019-07-19,651
1659,2520,64,4,1,2019-07-19,652
1660,2521,64,5,1,2019-07-19,653
1661,2522,64,6,1,2019-07-19,654
1662,2523,64,7,4,2019-07-19,655
1663,2524,64,8,4,2019-07-19,656
1664,2525,64,9,4,2019-07-19,657
1665,2526,64,10,4,2019-07-19,658
1666,2527,64,11,3,2019-07-19,659
1667,2528,64,12,2,2019-07-19,660
1668,2529,64,13,2,2019-07-19,661
1669,2530,64,14,1,2019-07-19,662
1670,2531,64,15,1,2019-07-19,663
1671,2532,64,16,1,2019-07-19,664
1672,2533,64,17,1,2019-07-19,665
1673,2534,64,18,2,2019-07-19,666
1674,2535,64,19,2,2019-07-19,667
1675,2536,64,20,2,2019-07-19,668
1676,2537,64,21,1,2019-07-19,669
1677,2538,64,22,1,2019-07-19,670
1678,2539,64,23,2,2019-07-19,671
1679,2540,64,24,3,2019-07-19,672
1680,2541,64,25,1,2019-07-19,673
1681,2542,64,26,1,2019-07-19,674
1682,2543,64,27,3,2019-07-19,675
1683,2544,64,28,2,2019-07-19,676
1684,2545,64,29,2,2019-07-19,677
1685,2546,64,30,2,2019-07-19,678
1686,2547,64,31,2,2019-07-19,679
1687,2548,64,32,3,2019-07-19,680
1688,2549,64,33,1,2019-07-19,681
1689,2550,64,34,2,2019-07-19,682
1690,2551,64,35,2,2019-07-19,683
1691,2552,64,36,2,2019-07-19,684
1692,2553,64,37,2,2019-07-19,685
1693,2554,64,38,2,2019-07-19,686
1694,2555,64,39,2,2019-07-19,687
1695,2556,64,40,2,2019-07-19,688
1696,2557,64,41,1,2019-07-19,689
1697,2558,64,42,0,2019-07-19,690
1698,2559,64,43,0,2019-07-19,691
1699,2560,64,44,2,2019-07-19,692
1700,2561,64,45,2,2019-07-19,693
1701,2562,64,46,2,2019-07-19,694
1702,2563,65,1,2,2019-07-22,695
1703,2564,65,2,1,2019-07-22,696
1704,2565,65,3,0,2019-07-22,697
1705,2566,65,4,1,2019-07-22,698
1706,2567,65,5,1,2019-07-22,699
1707,2568,65,6,2,2019-07-22,700
1708,2569,65,7,2,2019-07-22,701
1709,2570,65,8,2,2019-07-22,702
1710,2571,65,9,2,2019-07-22,703
1711,2572,65,10,3,2019-07-22,704
1712,2573,65,11,2,2019-07-22,705
1713,2574,65,12,2,2019-07-22,706
1714,2575,65,13,1,2019-07-22,707
1715,2576,65,14,0,2019-07-22,708
1716,2577,65,15,0,2019-07-22,709
1717,2578,65,16,0,2019-07-22,710
1718,2579,65,17,1,2019-07-22,711
1719,2580,65,18,1,2019-07-22,712
1720,2581,65,19,1,2019-07-22,713
1721,2582,65,20,2,2019-07-22,714
1722,2583,65,21,2,2019-07-22,715
1723,2584,65,22,2,2019-07-22,716
1724,2585,65,23,2,2019-07-22,717
1725,2586,65,24,2,2019-07-22,718
1726,2587,65,25,2,2019-07-22,719
1727,2588,65,26,1,2019-07-22,720
1728,2589,65,27,1,2019-07-22,721
1729,2590,65,28,1,2019-07-22,722
1730,2591,65,29,1,2019-07-22,723
1731,2592,65,30,1,2019-07-22,724
1732,2593,65,31,1,2019-07-22,725
1733,2594,65,32,1,2019-07-22,726
1734,2595,65,33,1,2019-07-22,727
1735,2596,65,34,2,2019-07-22,728
1736,2597,65,35,0,2019-07-22,729
1737,2598,65,36,0,2019-07-22,730
1738,2599,65,37,1,2019-07-22,731
1739,2600,65,38,0,2019-07-22,732
1740,2601,65,39,0,2019-07-22,733
1741,2602,65,40,0,2019-07-22,734
1742,2603,65,41,2,2019-07-22,735
1743,2604,65,42,3,2019-07-22,736
1744,2605,65,43,1,2019-07-22,737
